address,reward(wei),reward(ether)
0xe7B95E3AefEB28D8A32a46e8C5278721DAD39550,231379871240785173869166,231379.87
0x7A4A6Cae06184aDD7BFa3d8095bC8AFC7A6aecb4,198902024940657923683694,198902.02
0xC078901477B01C708874E0A7e335366A01BF14CE,104258616432705340402895,104258.61
0x2AdA257d589886E5A20ed56f849EC3fB4878Fc3A,77658438655735456763922,77658.43
0x4796FD190a183d4921e62cf57f4d80e06E2C2297,67792334284320393328588,67792.33
0x61f9292d4aab1cD873961900002602c279b135b6,64871054103121352390602,64871.05
0x8107b10C7F228bFE393d8bAA3a7C5BcCD06E7f54,64380575403123897010752,64380.57
0x9c9dB4A844AD4d6f712dE2A350E09067B52852f4,52539463389207797708868,52539.46
0x3eD922c0F6FD4f3207eE9e9af731A1198Db65818,12187094747287130699764,12187.09
0xab1ccB7f267Dfd8B63102dce99fb13B56AdadFd5,10114004003628669834844,10114.00
0x1BefE5842603214Bce65799D04E7ED88A7F7987c,4501860037921673972607,4501.86
0xF21908388875f9E6Ff6eFCDE7962400897401090,4449199878862657767331,4449.19
0xe4bA2FBDEcC20E54fc5e2bc9c8Cf0bdAF6aE92e5,3995244210042844473525,3995.24
0x18Ff8fC9A668C17a692cA38e12BE74d2E4f6067B,3982115994140527093032,3982.11
0x81C0f38F09c950A2d2CBB9A03B2886001096F648,3909878068783492650550,3909.87
0xd36aaB2f2e6B2192f7bb0c092bA332F7F558bE7f,3601196317829054471999,3601.19
0xFe1BCD4fae7d1f04a744aA51d2cF4EFD5277762f,3468348451688709430931,3468.34
0x327966dE9538652FF432c093fbA40ec300Dd2A6e,2500135743191642361086,2500.13
0xD5CEd2279ABa11682a9bB6B950444AeB9DebF78C,2320331131499093832654,2320.33
0x39B4c78FcAD0Dc158be86Ee0f9f1b867fa6604F7,2288264642819804604687,2288.26
0xe3534F90E367F5bd62AF306d9F36804a82ba6cAc,2214222199443064614288,2214.22
0xB4EA71215E232227058D9925D82D748a20F6aDdC,2048436831711174200864,2048.43
0x30086c39930C0708B83e2C31Ee080505D843aC8C,1909381643563062858331,1909.38
0xdb4a170ac802c94c8D1e5d9c963f67d56e345E20,1788808072846605044196,1788.80
0x0662aeF765318FFEd138d6F3E0c10d60c95bb545,1696479376690093023299,1696.47
0xA4aC2BB3885Ff3bf82e99cc2B442A379E3627EF7,1644304754722096290339,1644.30
0x260c533e6FC635013DB3143730DD0Dd19b6Df75C,1635243273956421555636,1635.24
0x0EC3B8F4Bf4fE553A8423C64847E6e9De8C3b102,1600410970477400254303,1600.41
0x02ECA8cC78b7D30c1Ac5E16988ED2C8A9Da658d6,1512614981328793971368,1512.61
0xD580120Aec2e48f47ADC48366B208BD9c5DaA30f,1394111061140228352330,1394.11
0xFA2A5F27549DEa23e52FF1e16c55608d6F9B316A,1388583871468692233597,1388.58
0x2Ad8A88aB8cA12CC99aE16c00F96aeA186FEc57f,1346064900092630037461,1346.06
0x4F50d47D20380172746527bbeAa274940C38EFAC,1334108800603158836480,1334.10
0x7f5aEe0bb328a127b8b8889418FaF0629e113AEA,1271000147849515056401,1271.00
0xF483cf80A8329D730cc1Ae8b696deC3AA9697738,1245746290976892333819,1245.74
0x0c8bFC46C4fB39b6eEd7814E8830fAc0a45F8D6D,1018639479762021328526,1018.63
0x494C75ec66B26aa9A579A6F2F665024d345bDa75,955107733933220289451,955.10
0xA7c05879B3240dBC1eE89fb45Da508e8C6c4d42F,950045008174699660097,950.04
0xF9e11762d522ea29Dd78178c9BAf83b7B093aacc,946933816819010272432,946.93
0xA69414871814A6F8AeA7EdD9E4f1282C6EafFE18,926514564954591371960,926.51
0xa44038533F10bF668207c7916Ad341400A75A70C,831045759705498202316,831.04
0x8E0Eb3cB53B3e8F8834Ad2fca8E607D321e6AB40,822722977752387732903,822.72
0x81aF01a1705b9dFf51A7e5E677461a87dE4193c7,809518833498325923705,809.51
0xc4049a505cEA82E4cef40e12eF4d23D68834495B,801791551867617589697,801.79
0x17f1916cfD03aA80249A9918F55949cD31097E22,759592861567668289725,759.59
0x0C5a2C72C009252f0E7312f5a1Ab87de02be6FBE,743566586970779376113,743.56
0x773cd1Eed5E018d1E4903dda602A28203a97CC57,709617872892573510165,709.61
0x6A99E8961055b505d8D62C447220bb341Ad769eE,655603683405751841560,655.60
0x65d25E3F2696B73b850daA07Dd1E267dCfa67F2D,649910961623240424242,649.91
0x09D3fd52349e77B89e657238b8C8c51381d5d0eD,644466863841022729621,644.46
0xF13cc2aecaA32120B7a78bA45A2DD31CF1703123,630639766892378225900,630.63
0xC8d4a8970035f9F3fd01dbd238C97b5348Aa3199,602246850498006090758,602.24
0x2DB2a229193c0E3c9d751fdDBB740dCc7F58228b,572955254736581420856,572.95
0x32fE410DC495225f460944D53c39344765075d93,568657971035501040192,568.65
0x337dEc58Ab25E277b1C85821FAb7131131c9d379,557699729374487297421,557.69
0xda9162677274b13C6C0a863EE8fbA21b9fd2fa4A,543597233668128307510,543.59
0x7432e12a2C7738a9DC871749BC0ec758d1Bf3fbE,535634096802374556950,535.63
0x06Aca72a9A86f6795c6FFF4F570B230103615E15,500750991804658551792,500.75
0x674B05E01F53B6e7eDabb79B94C82869FC4BeD90,500750991804658551792,500.75
0x54BFff85282DD1A5b7B02904F7e6EFE43822a497,500750991804658551792,500.75
0x7393009c9138c519088462a4B5bc008F3bb12E2D,500590431487281061056,500.59
0xa54473f827ADa813d0e5CEb3B1042251545aAf28,494118911522279313346,494.11
0x8772d12E3ED583C6f81B3846E95fD06484e214D3,491461879932750754416,491.46
0x7F8292C3E6E9C8e276b7E8519Fba1bf0157FdAC3,481623788212223681824,481.62
0x36b873a52DC210F2ea0E679Dca5cFc815dbf6C09,460291926121858881744,460.29
0xA54F81733201C1F555bf5e51E4829a1c7DD3447B,458451876160722899452,458.45
0xa81311e56630a9A21901415671A489A9985AC00E,447470758039757825886,447.47
0x25B7251Dd1f0E0469A56c83f283237353D02B62c,445430002188628012135,445.43
0xB2CBE33dC64380e7AFDA17F6BbCd594cFA540Ff7,427790698595501685832,427.79
0x7911Ca547f65a951eD1e5C74dE04b8707080f0FD,422587743766598753512,422.58
0x9793900E4ce3A3505b17530637ba48fEE0044e82,415073895446537096595,415.07
0x3f436e96F7fBBA9dbD764294C424b38e9Ff3Fff8,404504204484935525334,404.50
0x93FC1F35f53a9553534979233caF273214C51Fd7,402078072861508025688,402.07
0xE37A64B9715Ea60EF325daF1B83E2F7805ef6E09,400400793443726841434,400.40
0x38e29135f9e10073B327083A016057720Fc2569E,382044755256036546316,382.04
0x50573899c3b91e7cFd2F17388b29a1169C62e374,361239734243831699343,361.23
0xA06c7D3DD33Cc3C5ee513b242994737F90e98b2E,359627649855484301549,359.62
0xE0D7acD1EEd0aC33717A6785BaD9E62c9CB5D218,357263723946991815891,357.26
0xD83d2eB5562005F47253c72012551055F78eA6F9,352075509392461324333,352.07
0x85b09C93944b2f4c26A2b462B6476920BafA4Bdd,348805366317752766622,348.80
0x5242F57DE318dBd16d01AE8c6F38f130Ed027c0c,346263542243425818977,346.26
0x63dd8001680BFD3f9Dd307D928Fa37DD061DF9f3,345510499441609668814,345.51
0x8Eb81724b4e7EE8785f893d6f8db5b1B9e303fDd,341343567832862437936,341.34
0xa0737428aB2DB419D50c83c29b02A10086CAaB1F,323548081559810585135,323.54
0xc8f7b747eefc216964E567C14Ec823d17D25C932,321250068292282994684,321.25
0x269EA4CD75A8EcabfF55E47A34453801E412b991,320298057210111491080,320.29
0x2FBb88EC97C4fFC513c837C566d801B368AA671E,320104814546209872263,320.10
0x8bCE57b7B84218397FFB6ceFaE99F4792Ee8161d,300074387587387240196,300.07
0xaA0a08A6FA8BbCC0dC551DA3cDe4B818f96a2157,281806042780475866747,281.80
0xb23605349fc4Ffcc16443E6DB0153826f263801E,271822232240046979012,271.82
0x8D00A88171e3D362a18e8ddE1fb2a264649BEc2c,265457427958979493309,265.45
0x88b882599140eb4962A03ECA1deece611568B6bE,260823609968793159264,260.82
0x26aAB6D2FE3d6976d42d89bA5091a465a5Ef9aCE,260400696352356090057,260.40
0x2c123fc5C27888571CD525e8ae9b0c5ff848386D,258079247580799089995,258.07
0x90a64eD7b118631520Ac1d71f348Ff213cA51817,255214770795844794045,255.21
0xC54fEf7E16cd3bE06B19080918Ebd5881226D58c,250399325264258005894,250.39
0x84e29B54fC21f3821560cf6537baE5B243439769,249875495902329275896,249.87
0x02222002E5D000D14595457e8eEaeb6963722763,249875495902329275896,249.87
0x31c0E96257359C6B8BA40eBB834D7eb39Bcb7317,249050038292568738742,249.05
0xfB41cAfB63f0ff1E7601B1d7549b980B5F8cc711,246412735872046409860,246.41
0xeb3B8aaDE9Aae399a7c6E738b9393c2A22b636C1,244491707760265289635,244.49
0x3A15459851b5346677bf9f7d3F8B2A8233eAdaad,243776896119812643474,243.77
0x5583347e299dfE16247224797704e093cAee28A1,240823374556615079924,240.82
0x10d61f4B7c102C8Bf2c5bD00063e41bC5178E081,231114173714766691083,231.11
0x830D4b9c5B7bfB5300CAA1B2881d7dFA23e08859,228878763329949354095,228.87
0x5ce26B45F6480d07D3231D083136463082a37563,228585955462071629261,228.58
0x35b578CA822eBDaC517Ed9adf1cAAd2B472863d6,223816900597309884782,223.81
0x54A9f56432f3a34931887A5ae71Ba698c61cec6f,223406473449278162148,223.40
0x48e68c7Fbeded45C16679E17cDb0454798D5e9B5,221762522102689417824,221.76
0x9994A64880797B18562Bc5c24db83972C2879B4C,217496389777510094944,217.49
0xAbEF67AddE705042d7C2BaF6ebEca36f1a9172Eb,217193672733850207969,217.19
0x8E479577E182867B6A5d21b24C3A39e6b5B3Bf69,206255212300227004330,206.25
0x3377E10E6B3a3eFfd0e9C6a0A4e02Fa1e428E485,205337590128330391424,205.33
0x5121Bb4a7Fb2Bf80645a3326e05d3FDC27E1889c,203259276218533365877,203.25
0x16805ffE7266Ae38d6287E1E975f0F378BF31096,201536447088964223612,201.53
0x7cCC5aFdE6f522ca9EBb74638aE92C9A4f8FF6b1,193959074672721297265,193.95
0xc8E781Be5dB0c358D0B5a3b35209958Cf584fB24,187682626737911883141,187.68
0x88Eb1Ab11DC5E3e6e67c84F4EC5Ba30e16D9B238,176571170357372163912,176.57
0xFbCFE4AB8922B7Caf23D3E28634c4AC05475502b,172649767621786837429,172.64
0x114D0E95B1d6f4982DbaeA25cd0992eeeb1DEc19,168896939983222836130,168.89
0xb26Da6f9B553a23132cbcdeb8970b91aA368667B,160586551130369239521,160.58
0x3496C181777458F350a560cC795b419Ba61dd543,160334957455734539145,160.33
0x53b517968dbD242De0348A2f0d70D55C1BF7BcD3,159547200487360019836,159.54
0x51f0d503371B6c893803f1d42e9058AF8b66CD5e,158865811107942627933,158.86
0xD6AB3210442765D0BD806Db6643Da28d307eb422,158716195372442746830,158.71
0x5f681ad96cE4AD8b3D7D745ba1E34109Afebdab8,157160648887962886859,157.16
0x674951f43193cB538BB0c2c5f6fd34045A004De4,155248798806585553138,155.24
0xCe3F17FF0f62bc9b2e27c64ed9b6838828aC73ba,153314052514531048102,153.31
0x126ED947de7b84ab29526D35CEF99C9b72B285A5,152248813177964107246,152.24
0x48756264bb3b9D793691F8a8C0e3696D6b980f65,149871312923864823768,149.87
0x188C30E9A6527F5F0c3f7fe59B72ac7253C62F28,147198179885174022711,147.19
0xDEb0804D5e54D49c1923Da459730E66b60EeaD6B,143848606761988296214,143.84
0xcd8973714c2B67F67145e3556436Ef6b2C49A33F,142685531667051860453,142.68
0x8C779811306cee2faFc908C557cCB4be9FF20A01,140704906568897370511,140.70
0xA4908461A9D5b19cFE9Eb1A635A588a7cD19ec33,140278168566357618555,140.27
0x5668EAd1eDB8E2a4d724C8fb9cB5fFEabEB422dc,139936976661863536924,139.93
0xE8Cb72F94b2E36398e0De91182A96F8c8d6DE794,138829201636537347385,138.82
0x0EAdb62d5Caf12794866c33Ea934e5cc59C2E9cD,137074830382086608068,137.07
0xbaA84e6A9E66fA0846931c6bf79e8c2763b50b9d,135576375721712231910,135.57
0xe4E146B145cfC048BAd53ef0e7dFfe2D6e6bbc0c,135327349547964637564,135.32
0xf8a57bb83967D21Fd19cAbA32716dC7d855A0A7d,135226553146485616459,135.22
0x29CE108bE4783D371Cf0AB3Be517232Dd9B443D9,134080174751568071325,134.08
0x71FA12A406Eed4EA512A8F13dcF97273D84E773d,132133828508154508450,132.13
0x99D1de1982C5C9834d7eFa5726460C8A092A88Cc,130399910984244747582,130.39
0x6dCc125fd1dDB4B78a11878830bD9483912d8Cf3,129616730427657695376,129.61
0x7Ce96c4A1b5A4b33dBFAc7Ee8732fFaF2cdc8691,129319591388424762621,129.31
0xf748879EdBe8CcA140940788163d7bE4d2A2E46A,128888498513704579640,128.88
0x9021EefE531da1049EBC6860579d945D5005BF3a,127989669739945075639,127.98
0xB7017838BC236E10d4e821ae6e2148ED52b231E3,127929507079322286031,127.92
0xEfA5157D66ebB5a3Fdb9da21537E01a68C9c424F,127768899619832947832,127.76
0x079d3a75990cD395b4bbdb6dFd432aF0C895f38e,126935422241284916627,126.93
0x448345dBb16e9fE263dA6Aade0D7F49957000000,124930954881222860789,124.93
0xE5F22a75d092c6BdC15d6480d2CF68Ae192e1420,124514693412330404802,124.51
0x581B2796Bc190E5a9813CaDD02e5e732C074Cfc1,122587559929354543114,122.58
0x63de5991fE04A693254C578188e9f405370C69d9,122067792374088870590,122.06
0x2dEd52381696cB00D5f3aa3e82CE7da1B99567E4,121533791231707701995,121.53
0x20C7135F739694F9DFdA42c1E4b4E51Ef5F41E34,119420238033118052430,119.42
0x8a2Ff4f48a2Aef354D96339946B03fD740293BcE,116978257836557964003,116.97
0x828A30F9bfFf6726765b5C7eAc213B5Ad22fbFb8,116663051105522519082,116.66
0xedd983Cd14544a2EE67ccAEa588B7388D08C73CE,113423022553194424262,113.42
0x4eD0864be1c171D95c7b66b3d507359f86122f35,110298140212606770282,110.29
0x4918B21b49Ecc9620e5BD83f2DBA0dA4EFc525F6,110002662589170704441,110.00
0x892ccab64c876d15b68E908c0Fbc3C68761BFC9D,109600218497013177583,109.60
0x24d734a75166e66000C8d7f12A173e41358e3cc1,108813798449431811093,108.81
0x29b20c2EbA813F316485f834868f5FA707DD89c0,105803722979714433287,105.80
0x699A9073660a90116590963290c98958e5d65ecF,105358891049185405019,105.35
0x719cA4b5e57439710Ce47F457A82E49e326E379D,104758270075198708159,104.75
0xc7B0c16873a8939A37876835c194db6C5Fc884af,104509280932249205462,104.50
0x8540F80Fab2AFCAe8d8FD6b1557B1Cf943A0999b,101767520283765414193,101.76
0x3E82475214E1Bf68f8F8d8fFf20CBc75b95CBfC1,100568962221658732659,100.56
0xE23935C66E2630dc85EeBc30AF0991C4C38822ff,99513362765956667273,99.51
0xcB4790CB7778F2369339Cda93398a4aA010c6Bbc,99390338440276083042,99.39
0xd6c18bcc5a34715598eF1E1778E2Ccce0321d9EF,99194393006330771951,99.19
0x7aAF25551b968c8329b974A995b8900d62ab6cfE,99075238817422757472,99.07
0x7a37EaDaF5Db28E2079f984e923aE14d485b9617,98754534671548953058,98.75
0xD0E58BCE8dA637ee901e8D76EBf2A961F1B609a6,97898746779777997111,97.89
0x315f6BFC1Fe7658362889526f528F8496d8c5619,97535945708292275066,97.53
0x982Ab8bb18ed62f09D581fc0dE939Cd21D6967F8,96769355710472493716,96.76
0xf4D7901DA236DF1e04c0862E2F8640ebf5D301da,96590567906006088323,96.59
0x47C2511FAE3a1396Fc2658CF1D0FcCd03BfEae51,95982160095710174166,95.98
0x9159D3d0b3B47A1c211525d4B415Fa00C4Fdee43,95700104173294584768,95.70
0x1948B238e51b534C13d37958A389A7Bb34F82D61,93989260337828849903,93.98
0x546c35A376735DAd1ADA63b63550F4528853D322,91960535148580964295,91.96
0x88282928EC944c34aEA58d15a97981Cb91959191,91447620240008338167,91.44
0x548f227E4A316E3b2d2E7b6A9C6c69a60aa34Ffb,89851207585173064640,89.85
0x25B28EE7f335F0396f41f129039F1583345B21b8,89498364528183305592,89.49
0x4D4a7486B4556F54E88a79351f73D301D4Cea56a,89483313537505877162,89.48
0x44027E52369FEEac4CEf0A0a59F8C1e971666DdB,85744231216216531508,85.74
0x9f643a408f3a287cA0D019176C288e2C5a8dA7c4,85262030760433541040,85.26
0x364fe210EBda483Ad28BaC082c1e52d3a3e1bb15,83564090091986846229,83.56
0x5A28a292e92Fe0c8Ce2fC2f349A5db2322586E2a,83309778605292638652,83.30
0xD85E821B874cfF4880031b96601Dc73Bfe92f48C,80511906099354660444,80.51
0xfED8EaC5c0A82c3291977FB3BCf1Ad52e57b1b9b,79692360451655275561,79.69
0x68a3896F0600b22401CE16C8a42621e3abE2Aa56,79591336024027711613,79.59
0xe49cA47fe145b7E573Bc44F96A7B98B5BeA0FBB7,79322916620065077333,79.32
0x9f0574a5F28779A1A682cFE4bbD090ee058d07AA,79280236164737104768,79.28
0x67f75798f54A52f4985175667d8889F38cE3c1bE,79150591513373168182,79.15
0x38d9083efc597E1Bdf240B40247c4Ecc2F26E8e3,76457402802806652925,76.45
0xaf4b6499dcf242FB1C7305634553615e97a0D170,76400559272252648597,76.40
0xc5e1a8e2F3A982ddE1084Dcfdc6935717E096867,76218688154601546224,76.21
0xC67edd8A075A2A96682Be1A9F3f5865c24F8a70A,74262895933438046140,74.26
0x7487Fc547DE9ecFdF7A972F9cb2F835A26e9Adf9,74262648770698782768,74.26
0xeD3d7456997d9Af7d284230B5017B35d140dA798,74262648770698782768,74.26
0xD6F339332204054C927Ed4EE72110E560CC2beB8,74262648770698782768,74.26
0x164767126f2570a427E3c2F34dA27003f8394a40,74156892458390100263,74.15
0x8b6e8643dcc36bb66ED70e7EBB18C5cF46363cc4,73533739701732799168,73.53
0x1b4dfed8613dF7E1cDCb4C1b39e3FaAe539B213F,70199786410743577222,70.19
0x215D67998DaCd9DA4118E4a4899bec60b79987A0,67676770506970822478,67.67
0x402c222be058f44FDb8B887EEeFDECb2999fcc25,67026967686253239155,67.02
0xaF9b8E169e52faF91231C7EcCE1Bd15a87D2a95E,66863763845966573551,66.86
0xE3df2BedA49eBbE6a5b24EE84a003BE2f7e0FD3F,66475749896142031176,66.47
0x7F9455D723d6Ea89393E360e9C11B7846f3903Ad,65709727742724421093,65.70
0xcb2335b96Ec80fD82269885F2B00dA4DFC6cE748,65692567570118404423,65.69
0xB55A0Fe37CEDA0EC389d4bE0A23F569697389730,65482006414117258112,65.48
0xDAddD93C801caF4ef4e6935B7043675978F59ecB,65306270047091609562,65.30
0xBd774017Ea2ae5B9dec156bA8C987d74eF249b30,64722254875252361554,64.72
0xc5B8B44765d3beE6f68737B3b9919e8354c87498,64667429948795060242,64.66
0xADc0390129cF31AcC837d36560FF9D431cEb8d14,63944352868407496631,63.94
0xD83B079cE45104A4Cfb58a07BD8A0DEBd1597cE5,63627019450138656720,63.62
0x86341e73d9Deb4696B1Ae50DBCe8F2D62FA06023,62893145297517107601,62.89
0x4834762cCD407C89a145C55755BBA1e7ccD8237f,62887953786487173399,62.88
0x17dd35C1Af39E3F751a9c248507169aB3307B651,61754766134723931796,61.75
0xc8992a40496B6279bd5475Cfd8C2efdb6513e349,59947898630934831121,59.94
0xa662AE6B8Db89DfA4221FEd23adB1134F9d11b70,58203954742187193593,58.20
0x6714d84d20e4fB05d001943F9348530b9698Af10,57688150164589244352,57.68
0xe770cF37Be4cd0eDC83ffd3F6E2a05e8bD157fE0,57591289321047191518,57.59
0x0D5f72883570EE34023955e482b1F5e3e7cD9778,57507206591222740455,57.50
0x07E6033CAA08d662964514B92Dd1d99452B456D8,56963419238274030931,56.96
0x3b40917f9DF83d8EdEe46Fad58e3c43173409E5C,56642206331440183160,56.64
0x3e0615f8c5Fb49AD09288437A435471B119566c1,56631900550492472688,56.63
0xf8a099545c0f2c3D3E547C048c2F5589e53B54d5,56428679004027605725,56.42
0x0f5b2479d1ac2E1B051874b3004A8509C0A97D67,55740490539345612079,55.74
0x45fA4CaC1C272696904BD82F5A9A6862060b2431,55090825017043070742,55.09
0x8810D24b0a27749E1a95b365806C603D7def8219,54975340645727708038,54.97
0x9259729ED0C24Ad46EA00813Ba525AFD61730596,54902773810512012991,54.90
0x9a31Bab581c5e67c0185ecb69F9C86Ad550726CC,54786361152174401441,54.78
0x81aA6141923Ea42fCAa763d9857418224d9b025a,54729984410735230006,54.72
0x34Fc13aFEE91F5db6493e977FD18FAef678aaA06,54585664295568652314,54.58
0x008860862038d3e9548c1986aAb5cf8972774727,54533923494734014311,54.53
0x1f9730D6a1b45B76aE2919Cb178160a6419920AC,53690858106707782145,53.69
0x125F2503E342950CfC1bd32de516Abfb226d78b1,53602897903869892443,53.60
0x6DcD75b12355512f9Af8C5972B62917D4bBE859C,52508823388674905871,52.50
0xA3c8133fD81b4b717b5181496be47BC0e89Bc2d9,51911788074793192811,51.91
0x120Fb654f9a6C49b52A5982529d733B8D8553171,51672857968262959317,51.67
0x7623e01780329b196ED47D3665B3869516471DA5,51140241412622604644,51.14
0x353667248112af748E3565a41eF101Daf57aE02a,51012520692776112907,51.01
0xdb5d6716bBd2C04227d207757F00BD5e2AF9C65b,50825404613093695894,50.82
0x4468ACb7FDaD4544797288700D58da81Df2d31C3,50680352155879830834,50.68
0x5e767Cd1Ad0FeC2f9c5EB580586D2ABAa7dD776E,50270520537013558569,50.27
0x7d9e1C08a02AE0d331595DFE0646012215CE1A4E,50178601164075172282,50.17
0x57D82aD14CA9D2d01A9B4842fD87caE48C2274fc,49632271542921594481,49.63
0xcfbAae5Ffd99f22D7E9f21325B8917D7d4D17C3B,49561447444155442264,49.56
0xe1d18ae098FFB1AD301e0609180f155B329A710A,49537770055542131195,49.53
0x81352584BCBbb81D94997eb6DeEC878cca9fE040,49497254110273825891,49.49
0x26d7Aa228b3BC229EabdcBb48C2e85B8278dcB98,49393508376692472218,49.39
0xea94C9a3Bcc2bf5a3c08e3de1Ccc64c6B6049710,49305104086664687114,49.30
0x5A6a3AFb7Ab98e4ea646B91927b1c95B84BF5445,49175099180465855179,49.17
0xD91dcf5aae801a0Cbc2CbaC15D7e34F53BEFC4Ae,49175099180465855179,49.17
0x8a260d07397AB281402426A20e2E8f967aF2ec00,49175099180465855179,49.17
0x6D55e39A37A80C79643d33ECB0CA4C48d509bA43,49175099180465855179,49.17
0xc6Ee374D2D83842cdD6d42213B06eBd33BD6D599,49175099180465855179,49.17
0x9a376C8e244CDBB07eb7856DA3cAC7f5794b58fA,49175099180465855179,49.17
0x35F05827f3DF3A5C57bd7f5547d966C353282F9d,49175099180465855179,49.17
0x68714Ea8F4CAb5934E38B0B2b61a842926690159,49165974336928895658,49.16
0x47b2EFa18736C6C211505aEFd321bEC3AC3E8779,49064434372818044467,49.06
0x6a21580D0bee87d97e1226389Cde8CBc9ff49F8F,49023282375871552422,49.02
0x0598D2c365A5661032a91Da03ED74E298ceEA67b,48627222554708795105,48.62
0x42e336fc4a4DBd3CF039f448Fe48B73Ca19aCA3a,48179571404827649315,48.17
0x8F08EE5e3E44bdC28127e050FCB13F5E4671433d,48157016456601961674,48.15
0x566BD52454aeD2DAFD7469C8aBa9e313a748cAE7,46666695178868393351,46.66
0x74A2ed807c6B4765C24f35e1903accD2d4df65E1,46613123101271345866,46.61
0x48faF310AEF464145d5d8b8ED342f639528FDFF7,46328866674868698408,46.32
0xe7948637F5eD015a09f9Cd446502E0f6d4fa9ac2,46114636861599019547,46.11
0xc24B59aF793B19910528FF9CE904089d2D09aBD0,45611867811715606478,45.61
0x50D4c3D989b7247a25C7F9D4b8E0e54E1Db8808b,45193891212013649309,45.19
0xa15382087203a3B07882252126F7344f5b1E5293,44641506912929579839,44.64
0xC18926Cb21791bfBC2c8b5B80FDFE68a6757D819,44297877570256010855,44.29
0x7f43909414ff1b9E8fCc531E87212378E4A3F9E4,43858612464128452712,43.85
0x3c53BE8C61153B6f84178d5cB4b3A4A974cA7535,43754076074771425675,43.75
0x94E1218774dD0fBe40560846A00fF1372d4b1D3e,43738995805161777907,43.73
0x14c1F1129cbb3DE466A234530D27877Bc1B05452,43070037324413545361,43.07
0xADEf588921BCCe9CB3c3ec0c151E2cE3E3c4270d,42933974689401109442,42.93
0x7AD8B128856E473DE0FFAf65434FC2Edb12FB7D0,42787270001306349936,42.78
0xCCE56EdD5e4594AadE98E84d3FE6a64e13a6D073,42741830953673913713,42.74
0x3b0a61f6773A53ae9A6c0700BBf5331244aE4B18,42567850595335913856,42.56
0x20a6B336511145CE8F84a52AeF49bEBf566f9f1a,42321230827201255423,42.32
0x43681F57B3F5C6ce26cf3e828baa7Bf5b38f84D4,42260990693585459632,42.26
0xaABe31b85EEEe3FD46893996F1C7493Ae8554cF3,42080457611473182509,42.08
0x6B5422143e8ABDf03Db19c6058de007d27465Bd3,41679600018858540104,41.67
0x6F93ACF27101b8AcbDC8a3f7F813ddfc76AF74F1,40352002289029931945,40.35
0x2C27204701ea0977E5ED9a0EfA87A469FAD40544,39804142153668097376,39.80
0x1E9cb8699106dD3dB13f9307b898017EC79f0C3C,39777028247564911021,39.77
0x0F4e7Db33828895De5511D5eB997D5e97399391d,39431094919619386103,39.43
0xE9C78c5EFae66b52c5bF1919C8039F5698Cd3CCA,39213314606645974409,39.21
0x513CdA076c9a63563F5527497825EFdCBac95aa2,39165214401614462477,39.16
0xC1612baFFd9aE385B5eaEB7f3e1f1B051c3c4816,38014476256907703381,38.01
0xe3557E84Bd0247C09EC369D3c904E9DaB87d60a7,37648613446467744637,37.64
0xa007bD98bD3a406aF82AA947ef0626eC38312fAe,37525960854623104601,37.52
0x1F57941E84a83c07523f26BE0b99f8A147A25602,37454436596465088659,37.45
0x47ee340aFE92d4B8caabd7abd0f6Abc3D0927358,36739425562384131296,36.73
0xCb01F3D84F125667F87Ed21a6C3854021C9d90DB,36719471243472270502,36.71
0x9c52dC78bd84007bF63987806f0aeEece0ef14a6,36646879074972219021,36.64
0x75F3B20555B3d7DD9cE76f8A2D97e8a934a8F091,36383572791122037912,36.38
0x3b6b628930e56136cF95Dd44e4B8aE98c89DBD6e,36304374359889349123,36.30
0x0562D91995abb08B611a6D94C2F0305562470C20,35879658125272977178,35.87
0x7A712FDcFd1E25A92bD48925597dd6fF9E2b4c94,35858957383040390906,35.85
0x978A16501c40Ca0472648d57cE45a94acf63f014,35255030751685866944,35.25
0xCB49CCDDB93Adc78B17F5FE8Ed9a80522978513a,34649275997029511524,34.64
0x39a7568a710A6498E419bD7c07Fa7B9E8116AE56,34122569426326098625,34.12
0x59E91440c81740e7012e4508F5A1695aa6783D00,34019337867499094974,34.01
0x46B756702b865AF30Cc0edba27e6d550e775A904,33893146040548936680,33.89
0xF0F32C3c8DEf7b43caA14fEd5752AbC5381C8374,32747000957322441715,32.74
0x56E773B0a620205E9f72265b6013b65B84c2c4aF,32728375644325738684,32.72
0xf936B0f5B5A9aF020801A6ee021fF0cF72028d38,32133535758635325285,32.13
0x15B478d0A288E2a3063D5f28B6A140cCa69B2AFc,32110404536001311212,32.11
0xabF07AdC7929652106F8664438954d99490031E3,31936949071834025197,31.93
0x18818325F61a0f9aC65c2D6C9ba5A8b29a9855Da,31682935468290165311,31.68
0x73a6Ca6Ecf3Ff2c0FcE4DB608e5F908be861cd85,31678976544238216032,31.67
0xF7f27e46778F1f323D1CFd3AF62Bd1b74a1C82B9,31207178656763933245,31.20
0x433CA910AeF353F20b3fea9fAf0c222ED082EFB0,30846212574875988933,30.84
0x612219E1fB1F484eA4ccf0c047c92eC7688c7bA6,30634617569422863022,30.63
0x6005B1954De6c418abf892baa5Cda64efa0F3378,30585224934103255835,30.58
0xC81f9ac9669C100Bb553cE0230Ec156ae05f820f,30418325075864425043,30.41
0x67932657B00199eb4E5a2cE6d46cB38105b962eD,29996480495829783289,29.99
0xFF16d64179A02D6a56a1183A28f1D6293646E2dd,29718597288161095401,29.71
0x49739691fB5f3992b3f2536f309D955558e75933,29598301303608614764,29.59
0x0404b120a4006ec07f008905b7DC6A141EDDDB5a,29213005692290078469,29.21
0xB976D74FCf48704602E7A2B28a674629C1bc36A2,29130686372299026851,29.13
0x907e4cc82402dBD41CA037C641401416D699c4a1,28430734329145837304,28.43
0xBbC388A9Aa470e58A75e455CC3Ffb3A31D9cFCE0,27799665144077648980,27.79
0x328650409920C7EF33A113360CCeb091d383F3E1,27330529962874857236,27.33
0x556dfcf82C45aC618153F53572437408a8C130F4,27166632213813070860,27.16
0x2Dd517E805CAcaDa387E1FDB9B8c31b830984e07,27043686243843616961,27.04
0xF2E33dce287f164e1E3f0A8916ff511042dd7f79,26890654242041607652,26.89
0x7E352d54fF03a46dBC1619a45731043BfF98454D,26596304549256220348,26.59
0x22510fe99F63aE03BA792c21A29Ec10Fd87cae08,26318960905729936986,26.31
0x34934daf75B681796354086d3055B821FB3fa51d,26309151432355413175,26.30
0xbe7ED70249CBaBd5254ae66596B6B5C6fc0E52B8,26158877908530163714,26.15
0x1375fb930cCd9E4B763A8cAdA3724b07b7D964fF,26035621398211129235,26.03
0xF0E4446D7446d2d34ef3d1092cFe587a57ce1f19,25964121367003877849,25.96
0x6E01294054E07b115b5a4F4dd5c860510bFd5c23,25945836580758264866,25.94
0x60F792CB7866A4a870e9eAF74f61937274536348,25881406655878015885,25.88
0x7C791910960d0fa63e3B6C9dd54DCbf4A9c6C69f,25747440330944564364,25.74
0x635E6Dcb5a4abEa8C0F7dA6910f1Fedb100e2499,25424101624877023144,25.42
0x7B4eC94Ab6D0f20848549Dd73F371Bb9f9900B0a,25361384582201714812,25.36
0xF7B18e107eb36797f4cE36dE756630B9C30969ad,25339920065777355334,25.33
0xa7cA40aDaB20c793700e4488A21D7720170E7a06,25306804500318247870,25.30
0xcB11bD53cE375374c35E07e20D26951b94cDc72f,25259420048011611364,25.25
0xfb0f37C0456d60eDEd9b64442dFB0C4847CdD06A,25166717295168307504,25.16
0x783844967e54E0f8bE3364159b4496a0d1888b28,25147282807493792777,25.14
0xB3C968b284593DA71ee482fB6E19d773bb38c212,25005470708272618824,25.00
0x026F549694cCBDAC252436b611B75C463EA497eC,24829512707810520395,24.82
0x89dC928F9ebAD24cEa91Fec1A22a48AbB1aDEC70,24826250539406716816,24.82
0xbB9704D4e1960983d4D63b69e4e21d2E036676e4,24448736729861452809,24.44
0x472bC03cd84276b0343491D0CE425c9d82b04271,24353873119228496434,24.35
0xba181DeB98AfC2202202C9AeBf26B18f46D70497,24338425086135256865,24.33
0x85cF746d3b613ea225A5721807D2B4E94138557d,24335186433968460764,24.33
0x4830Af15288efd2C525b0D6906ec3ce7653cA2dB,24303804267700735425,24.30
0x90B50EE9Aeb83001fBEAF61541fc666341f36400,24092775063594002807,24.09
0x439ff6313EF59f7b8ad641495EE4188e61B7387f,24087549590232927589,24.08
0x285A5a4d990BBCF5c9eFA831A5005A83cF1bf300,24087549590232927589,24.08
0x1084C4ee87d1488d1eD45d11408b09AE1Ff90576,24057444530724648076,24.05
0xF8aD53BFBFEE809cc33F12029eb16fdCffA34e92,23916954253019343682,23.91
0xD534F238d2cF8738c9AcB0B1be770c171e1a400d,23689914490014267543,23.68
0x9a26aac2b6fEc5DD0463fD5C088a05049B835Edb,23683882125414565859,23.68
0x35220534243B2D4972588Ae29CB904370657E528,23656533054428602612,23.65
0xaD31E9c5FE38387fF0e32e272356D4f4954974a9,23630255450294798789,23.63
0x450A3129647098C5332fcA98a1b609C957ad5373,23400983638106941106,23.40
0x298C430aF30de5F5becc0e2395685dC629654732,23299419202345842122,23.29
0x90C0Bf8D71369d21F8ADDF0Da33D21DcB0B1C384,22704358273884731477,22.70
0xF3222b54F4D512f07AAEdECc45Cb2c7d62fb4c50,22680773191957385678,22.68
0xA5C84525194276c430Ab157E341a0dCbb61167Eb,22652568025723045599,22.65
0x2f7021e73bA00816758B2f2Bce27ADeEc84Bc3D2,22322614848312465512,22.32
0x4a111D1CB577807Be38b76e8F983c5035c8531bf,22253352795961853085,22.25
0x3A06adbfD6f32A690E25Feef86e0dCec60cDf3f3,22200602182487622212,22.20
0xe34e2Df841E5a6352B0aE8Bd5A797544f11D7e89,21797755566768238816,21.79
0xdD876033288d1D4e26F7458C832e2dA1c8519419,21559708023481385619,21.55
0xC0682d80Cb3c6BC921f3f4672f814B6B4d476A70,21494480578140313403,21.49
0x385C96Ff8b0af4c0eB6F0572B5F21d2876769DF8,21455694174115132037,21.45
0x1B1dC2A87150D1f4FEe277060bf27a2aCaaFE4aB,21420226233057194914,21.42
0x3C3620f8f91d19Ae32Ca496fd67C93E3eEE032DA,21419706611583980009,21.41
0x94CB1C5d5A25b681A68e4397acB3905cECDaF953,21381074622888002700,21.38
0xCDd6A04fD3B40441DA12F1BD0fe4F070F51a345F,21301356437801166931,21.30
0x21Cf5649ee1a9362202EBfF266Ef7BBC8c26A917,21284322828550053103,21.28
0x66677777228eE3737f7D5D3a4aD494EC90700696,21192362231897157691,21.19
0x4A9589964cD00664068F298aBcBd4db112df481c,20276749802495400848,20.27
0xa1FFCd4f893af11414d1d0Fda7aDF3eB279eAe50,20201488158705847106,20.20
0x871c86287906647737e260f647f1D9E3987Ff009,20123251034086850210,20.12
0x5999865518C9de250b820762130FF7A7119A4558,19908343463420812791,19.90
0x6495e37b426772841221722E3e03847A2cF2C4B9,19460840971488735404,19.46
0xB9AFd25589450134610B618C6499c3D9A5803759,19445517837001480215,19.44
0x56d53a4402A7b8F4aD027cfb421fF60e865F665b,19326284152008885268,19.32
0xd79837F269B17a191aFc534Dac570ABc59416CA1,19294132511152069973,19.29
0x36eA94601031631f23F25ED9e55B2b065eFDDE11,19182422388968304759,19.18
0x36D3Eb5f08F858A34216825b13090e4295B62103,19048230890816112577,19.04
0xc056Aa7923C353a94529dcd233871Ca09CdA6B4f,19030014995570084459,19.03
0xe73819Aa701162324f23D341462ee63293aaAEd1,19010359259204545719,19.01
0x054E49e5bC44821B4F39088769a8B5ACf7e48E94,18964671963907363775,18.96
0x44C6985000a83518506b67968dac225aa4eF4FA9,18688228990897328174,18.68
0xE27182Da732df48F5a9BE7879f3724Ea1D1635A6,18634625283422291580,18.63
0x52684EA0060F95E23F5f0825240c2375a86319Fb,18561772784699166156,18.56
0x3923cDe4303AD8AEd18e2b8FCf1909718fc6b480,18320601602847274234,18.32
0xf2ba37cEf88487E1cE5360Fe0F68AEE2ABDCd1F4,18032112934610936612,18.03
0xF7080036e39C37c6b466373Dab97c3E58e9dd575,17950748855574476888,17.95
0x366919E6F54c0d397d107291CbCB3cD2d7CaE08D,17879883121633148317,17.87
0x39a2C4596C4db13e22E089b66d722cb57Acc8560,17815662192674695692,17.81
0x233b8c8e02b971E65CB24D82809CF60604c7E21c,17791938616628527130,17.79
0x636853BAdD6FB9Da3eCcC3EFfe6D003c5280Ef14,17747777824826165392,17.74
0xebAAc94eeFA3d7D7470870f34ED8f0f22a85b16c,17683773248041153470,17.68
0xF05222348514F728704a354ffDf408B19a2e555D,17545862729974074016,17.54
0x03d6968F256D052E9e7777361C3AE4bd266088aF,17539222386886184658,17.53
0xC4B5Ee79c7845EF4ad81820F2D4fd13da6fA63aD,17458084329324375551,17.45
0xA618da65BF623B34d12A42542426daCD007d03F1,17410349453118161622,17.41
0x21fAAaA53Bc5DF24d045f8B52b2B84b0cf91A93e,17201284853461365675,17.20
0x543cB9C792143b0A389128467f123d704b0e7B30,17199095362387640064,17.19
0x2Df53E3cC2304C648EBf9AE93E9FE83bd81348F3,16811928234766841558,16.81
0x71A0B5d9eCdaa17e15bD364A1b64220ed1D81Cf7,16612156335461923800,16.61
0xa3D803db20f2EA294E2DCA684b1559ad6D7d991b,16568333384351565959,16.56
0xa485b3e631c02834A73349CFA6c5543bB0796985,16519674841191456661,16.51
0x5862A5CBAB3C17a5E1D8171A5A72638b5cd75cd4,16428823700887289445,16.42
0x7a2611B4b14D14c6d57C39daC5B02cb15Ef5Eef6,16309038885177177433,16.30
0xE5277492d6A6f83013cf271aD6488F0958668F94,16172020387021919101,16.17
0xf29a349F28AcAB8E946B013505372FFbD1c01733,16056913894464586146,16.05
0xFCFC6534E940D2af81274ECD8F8a9F03d8c5A0Ac,15946887448848789195,15.94
0xe9706A0aD0b8b52452aE046c53B29ab034540E49,15808658225456061485,15.80
0x73c24b562E2d14B8366Ac3D351e182d6d69B348f,15732893825693558043,15.73
0xF3D6aB48CDb4DcbFa4932d9eA69543c22695a15d,15709476045822852388,15.70
0x270db476080A1c74d434290291029581cb2E91fB,15700396628798077310,15.70
0x68B55927cc8Fced426Bcb8ECaFdFD224EAbc0340,15501573045835161731,15.50
0xe53127bdb72D6F5CDc2dc661A11513BAe74fcc38,15437909546408128119,15.43
0xBB863cF72ef864619D3493ca7E0847387448b394,15246250460141162706,15.24
0xd91B09e134aef316742ee56817514aC896dD9b92,14986683285864233985,14.98
0x296A916c3c927Aaf8E64f31346b1aBD0c58F0309,14955868408729261888,14.95
0xd63B87FA46652a28cB3FfCbc56F7721FC60943AD,14835023568019582554,14.83
0x290789AeD2D6FAE51191BcE9cCE498d0c336Dd89,14808118729625555436,14.80
0x96efB884224B41B09Cfd6F4a06F9E35E59DD69b4,14806673062721311233,14.80
0x2A212fD33a640d79Abb564df2fE71e98295afEAa,14687819440374965269,14.68
0xFC5df5A7108e584DCE69cFB6C727f3d61dA6f9AC,14617519644482223212,14.61
0x5781435cFcd84EDb559f2EB70c91e49EAbCCd7Cd,14574229056542584832,14.57
0x72A0C2633F70A124Af0015f7ecD069E273146a13,14519158176518089006,14.51
0x0fa414E6b58c9E10B1103683A7Bc46654553D522,14494957527157626929,14.49
0x1c0a31FE38A25Abae792012701204160316029Ee,14449801634969615195,14.44
0x83b394238a214528C0bc853De24cCed467118A99,14424720170915369478,14.42
0x11cF7B9623CcA5f6556B8C699071E1D7Fe60444C,14417553600677645650,14.41
0x91a52FcfDb08A46DB9D96f79eAd5C2E0D4c1800D,14298718616002277288,14.29
0x62cB05fC74548cB01b5d6c9C846bd0C06a42be9e,14283335210369899487,14.28
0xe449F3B24f1Cc9D84867168c148307A20482BC55,14105143363140393049,14.10
0xBc5e71C5ce018258C94444831a09333aCFDeaf12,14052529754179324637,14.05
0xBD270191c8A1296658cE232a9d1e7e5c6Bf81933,14052529754139756553,14.05
0x574b05586C6427f3F7E25fdF085eDCf6Bd78558b,14052529754139756553,14.05
0xBd77a3dFa88281052b3ca49A3c046BeF277C9A51,14052529754139756553,14.05
0x452543927C96F6Fc1dA2a784f3e86462D54f5c66,14052529754139756553,14.05
0x1b75b47758B9018734318e2d5E94a59a926110A1,14052529754139756553,14.05
0x19bE6b6445d90ba4Cd96f25690A87B867AeC27E9,14052529754139756553,14.05
0x432DcBdA06e8B296CA29705572D7cb6315Ed8Bed,14009778213692465989,14.00
0x32371B624FAD61FCc122813Ac42ec6F8639F7fb4,13911572018868559869,13.91
0x8D00b28a05E8B83ed2E83dcf8C76377E738aDB64,13890694049142418823,13.89
0xC0158745Da6f94AB9De9E2803FC10dF6Aaf225ac,13537941360841486654,13.53
0x0da3e8aD6fb75122Cde138EddFD3c25833c7c790,13350802638096399687,13.35
0xC6Be36e90aA068526680f4E9C1e4F639cf0f5C51,13259578751050428742,13.25
0x89a1D730AA1e78A0EdE8DEa988AcECfF0A6e99a9,13257438231232328078,13.25
0x5E38eFFfb7aF85b6c82fe90C415603D9d9d2486D,13220479719114275910,13.22
0x9fA0aeAc7a631ae846eC60993C5BEeFb643f5A56,13181511270432675316,13.18
0xB83a685Ca18875551D01A7210687B5CB6A8d78f2,13164080071546483193,13.16
0xa6f348366cf2C91652736E42392DAde067C328Dd,13160076086514815898,13.16
0x5Ba446670288149052645705618f121aF76dD19D,13118102218129766247,13.11
0xd22d042EE1FBF1309c89f93893381E514f61C44c,13048511228370972282,13.04
0x59f5056F001D16c56487Ffc51Be6343280eD51ED,12798603850520734367,12.79
0xe1DFF72b704Ee6A0d3F447747006597612034076,12622605202275471182,12.62
0x7C4401aE98F12eF6de39aE24cf9fc51f80EBa16B,12514351836220510364,12.51
0xe28f4d644942159Dd5b46D17F63e2B142ae70eF9,12305510879251622381,12.30
0xfaC2F11ba2577D5122DC1EC5301d35B16688251E,12294218666009101357,12.29
0xcF6CE779dC8DF985b19eBE76F537462B67af3765,12289854642841122456,12.28
0x5C49A35A7E6FBd824a22798e91009a1e68fB1E99,12144191903234298512,12.14
0xA198837f4151cEC2b5290f36951e2204A4479e69,12084573714576105124,12.08
0x34a6c8bcB2945D58CD88d7C97e33EE27D30Cc631,12073489389816353674,12.07
0x7A10F025dE7988C4B22C936F390565276dd6142E,12002944648487437158,12.00
0x7D5ea565c17E615B3BA7b07146bA7a664b828Bf1,11945096693500352311,11.94
0xf9C7d2C31fB407fc440d68BCd06F210B141997b9,11935140568724097465,11.93
0x26C477AF1BC71D9C28D6f25d107677E4F5868D96,11934476557274425344,11.93
0x9D50B3Cd566D0ef6B6969AbE270A9ECB51f70ecD,11689282582739814774,11.68
0x55665657FF2528eF991D18e8Efb0d21211717577,11596178980348068708,11.59
0x05ea037Dd9805Bd701266cA7F6000f4e405889FE,11577854585287267765,11.57
0x36e0eDc88cD1902F189aC922a4401CF4F389A110,11392940224435255036,11.39
0x359cA6C48110096b01469D9abd5dDeEC8e950e77,11386261126017943079,11.38
0xFCFa06ABbe758fc06Aab849025C19E4Dbb65BA3D,11310445531397543428,11.31
0xDC1693A9d6615b904FbE968e2B24B7246312A07D,11292899299214134518,11.29
0xfaBC6Fc448f53879557192c2D7679e42c09E7022,11263607626339904264,11.26
0x1E5F7e7A6fc30250C4c97daB1d7bb314F96CE81e,11200774832439890947,11.20
0x9DB97d3f1c06a91FbB25B32Cc4B78f925388EA12,11120682778371453742,11.12
0x9Ee3A29eaF55A02867DcB718a1d8035f7629D529,11087092435000137902,11.08
0x74003B8b782C37b33a6A6EA363264E1831f85A90,11083385923233987058,11.08
0xf6dde84e514d3642Fa8b111eaD8321dbdF3BCbBE,10873556590675762945,10.87
0x3C04bC3FBb205Ad3366d205f285deE5CdB35F5B3,10818041566924450262,10.81
0xc835724Dd746fcbe5EF6ca90a8fFD06EeC2aee25,10801246070866323210,10.80
0x054BA1968963104aBA54f2F102A43D23d0d9026c,10714458520175041954,10.71
0xc66f81A2598a609810E8B1d4b9F1056fdFeF3889,10689098299316252470,10.68
0x7c43C2A60F29186bDaeBF320F38350c830aD7FA4,10627863901292371623,10.62
0x1BFDac0De6BF2c85b7ED581c1Fd720DEE407fb17,10610250175835845939,10.61
0xfa7940a6b15d3c485FE78bd394E0543493D66922,10606463382532456455,10.60
0x944586CF150C0b10913734cccA59A872490E0377,10533344524280066454,10.53
0x85643F6ddD1cBCe50973eE15e310c13Bf06ee713,10434372127297389442,10.43
0xbb899870561D48e823DdfACFFa201dc20214a530,10359857273976575561,10.35
0x5b2746bb65dC65Ad09e7B6fbDb63025d9c3f71F2,10021674423089258410,10.02
0x2017DA6Da481169069D2bcfE8462e0036c12cecd,9969679380641447233,9.96
0xD8C29a026e4368CCc5135a55e77CB0872d14cdc8,9949673267806286378,9.94
0x53Fc7903095cca8208970Da9b0f99577530B6c03,9907163538652011658,9.90
0x68A4C42786e6080aAc02BE982a89d656a8a41f05,9897471486245382673,9.89
0xCe2C506BADD9aEac67D51B70699cF5BE5C505b7d,9846681784888486878,9.84
0x3D73D7a9E0E7c469a691e7DEdb222A3f979F399D,9843304324504854838,9.84
0x592CbeAc830431f12fd51f6854Cee7e6F819a1bF,9723977394243979181,9.72
0x72F7a6BF4a8E17063EDAa877312d711DfDdE5606,9691715306907901260,9.69
0x2293FC0e35461AEa297aE6fB9525493c9799Ad8F,9613140584708217864,9.61
0xB876c875B463683B47fb3dbe938399950D7d8E75,9508139924957781313,9.50
0x637A2c20BfCD4D5D832afb053315F791ab998BE0,9480046934330172056,9.48
0xf398ac61610105b9BBe4A14b013C9043D825D837,9455994564986809333,9.45
0x8e2160a024ca85810E5baFbA77EA332800c2B231,9318884474029886259,9.31
0x0825d6c1d8e93b29C8F057E90457bB938061f6ad,9208438994168963256,9.20
0xB86A5e504BC52B300cfeC4EcDF27569198DD67d9,9180906846055038159,9.18
0x0445Bb6578B62A4C28bE622a0c934066DFaf1710,9114475741008658020,9.11
0x4841934669A176E57C8f9DA24E55da9fAbD160dA,9080031917567966954,9.08
0x2926d3536F0CEFF77EC0cA6B063762A06a3EB4a8,9045054855929264206,9.04
0xf0772Eb66Bdb39A953273ab1F8a5A086DB247d3A,9035019836093171035,9.03
0xfFf3098133d97fD783Be532aD78B2812D93aa167,8989862246830751766,8.98
0x43654B09935082B20693C041AFb413042eB92202,8954801365228794310,8.95
0x9B3e2221B9717052AcFe0cA3b513AFa4Bc0C4AA8,8949722167486379082,8.94
0xaf4060d1E8247b543F66e06513d71328d77D8F41,8931284227404167768,8.93
0xB6E4094E34bf8a9Fe2993694a93241f24d21Fdc3,8825869868371055467,8.82
0x751876fea4048761Bd9a1Fdd1BBc4cBD66E147ee,8751789472384241673,8.75
0x31f2792889c0Bb79f7C9E8DED4f8c53C6C8F4765,8563725129491055258,8.56
0xd28521192Dd225028719074521456628ec3617b2,8513625937408333975,8.51
0x6A61230A26c7a7C35De0B6dFA424677D9E6C7589,8149436605237726590,8.14
0xbdeFA0CE22a0830ee6aCa17123e7cb198501d794,8071657931828226616,8.07
0x5812602b6427e3dae54dF18188bD78e428Ca9184,8031517852483853932,8.03
0x17ea92D6FfbAA1c7F6B117c1E9D0c88ABdc8b84C,8014509165474349926,8.01
0xb8BB79FeA5Cf4D7a7a62969d4235205188F4F8C5,7865940025188316610,7.86
0x68d04Fe1fEA2A923628c26330Ad277Cd71a24586,7810510422581217163,7.81
0xcce9FFc55ab57E14cc217AB8C63339Ee45B036d8,7756212106560692237,7.75
0x049569adb8a1e8A9349E9F1111C7b7993A4612eB,7647163087831265023,7.64
0xDD2d6446BEe70E4C4813B7d24f0742dd0f5c7942,7605531260441698821,7.60
0x5937dBC6155894C7Eef2F4A6Aa0a84C90ea4aA8D,7580026979163156236,7.58
0x342cD0e754BD5960B7C2bc5325375b567217218a,7541544906544224898,7.54
0x87Cc852Bc2174E2aDbA2692Ce93d2003B52b4aE0,7529766860679195380,7.52
0x37717bb7a899819c75eB4d309582011B30D39A9e,7523281295436848314,7.52
0xc87F0103A7AE97FF61e0E5f9DC55fbaF8f10112a,7442751674909884574,7.44
0xc2880F9453Ddf3eE9502e8c8aC42B944175C885F,7364675879773487409,7.36
0x0D17c868274dfa0B8C0896de9E89E7753556A16D,7362907306862766683,7.36
0xe61A64AEC94342adFcB4761B975580295d273E67,7337504671503971683,7.33
0x7D643d281c1184EEefCC5F6Bb235A24aAECb40E8,7301971910399880397,7.30
0x29f3015d38d09A209Fd32e9122E0A7cF07270459,7296960949436129045,7.29
0xBCf43fbcDf7bAB3744789ec03295D1A7a971f70e,7294017545446073762,7.29
0x437bb483f617b4F83abEE2eF3AD104E485b343E5,7270547245783154632,7.27
0x0a30681713B87064b2252A1c9a0ba7853dADeBf1,7254244737552597841,7.25
0x699ebD6bcF3E9De7749eD653bc83Fa69bD8703d8,7057756786462329785,7.05
0x788888774566988d2860bCC7E8d5524F4c9777c4,7033218728517739016,7.03
0x4beF7B9F9222E0467e6e12cf7a18eb633a61C657,7008778941485196497,7.00
0xB6890D6D9e23192DE2A4aE2c649C415dFc83622E,6942718200267744874,6.94
0xc5CCFE9A0c45F73475E747b30D816af6c6ad1970,6927469841989741506,6.92
0x2B9F0A0b3B0a8d7a63450e6cb9232271D0c627f9,6893621865719659035,6.89
0x415FCE36e2Dc12421F20b93DbaD1dd68bd2F6db6,6848215407965304655,6.84
0x7AEe63D31D83D3B86324E6F0ffdBD6568111Ca43,6680490902187039374,6.68
0x98E3b0E09e469D4c229cEac0edEF59B1DFB910A3,6649042794845391206,6.64
0xb2C08c0f926e5FE22BC11CC50D619e0088f06832,6526264877069878276,6.52
0x7C3c0A890fD34f6aB5cfAA98a4a698B0ff1E26F0,6511881207541048511,6.51
0xb3abd42c6B911A1197393946f4b5a6B48ECc61eD,6473581022930389128,6.47
0x5F82C97e9b1755237692a946aE814998Bc0e2124,6466054758053319250,6.46
0xfB24c4EeF8706ec7BA1EdcB9Eed1Bb8B7b1fC122,6433029818858351543,6.43
0x8E440eD0d959bCF7594dD5EDf1AaA4E839Fd114b,6415879658872853395,6.41
0xE76832cdFFF56194208FEa6f41e31C4C3BFFD116,6394040485233456321,6.39
0xb64cFe55FC1737Dc25feEcbF9eb29C3E68912bF4,6317521301041871429,6.31
0xc7c94A025ACc4F4263afADc2DD6aBE61D0bC53bB,6267071591060373642,6.26
0x478B48c9a40543D02Cc16b6e50bC52630d3264Ad,6259143476326463064,6.25
0x1Fc6D15b8A7dF1C08C52bD3ffB59c304409672Bc,6220143308456975060,6.22
0x0eA59C05BE4b7149AAed26bE764b618AC0255643,6059307978587951382,6.05
0x173d565f3fF83dB2581338ebd3672c13C4Ce4C36,6051849817193210918,6.05
0x9f0e45144739ae836553e66Ee625534C38a9F7F2,6027947362435154383,6.02
0x0b308e9c13DCc7251182abA1718412a0C0c4b3DF,6024513885265219725,6.02
0x0000002086A091193695DA57052efc2215121678,6011969492918671538,6.01
0xCf354A0012160bC5dAe441C49f0B2d7E4A4fFC96,5973096054399823759,5.97
0x859e27379bF451F92f6e58307dbf416A7804724a,5965606877825328371,5.96
0xd0114bC46542c6c9f67608b19C3911e288C6a523,5932305556786076991,5.93
0x5Ba0A24B3a2c053140893625015E1869Df212E8e,5931919039223949158,5.93
0xF14662B6B7eDFEBe645D783AFEF03A6CE615dfe0,5765800851216030747,5.76
0x8940D520ad6291558b73D2b66a617F5d04723F95,5759568331538609243,5.75
0xd2E40A872eb953FFFDCF9704bA31731f1731bedf,5758331318370277337,5.75
0x709F8b714186fB7b07f40a35D81D2639d2E37c85,5720285122453346270,5.72
0x185Ce669525c66863Ea5e1488553e2c9693AA2C5,5669559803314353296,5.66
0x053c685Fb78581Eb36f05a70219ccC414B8899cd,5617687461216891002,5.61
0xAE1692D8D045716c948B707550e91DBd2C55169A,5595140586591557551,5.59
0xB1451261520532c3Ca487FF467A8020e3207EeE2,5592506281321408712,5.59
0x0aaf38602F6f5778ddd5f4781592B9574d5Fbb7E,5589749343061604717,5.58
0xB4c5aEa653A13Ecaf6b694D173020788B600d200,5556840945108116699,5.55
0xbAE44784ef87C0b6060e3f8cFA5dC751BED18fF6,5554669256691054322,5.55
0x813FFbF5C311cC7750cff0e241dBBE0dc01D3C51,5513070039994778728,5.51
0x9EdD915e04C6E062C18Fa1885eF3CE23c2c640B6,5470309844777302168,5.47
0x469880d6013142CE79e6b795E6a9F3F564FEAf7B,5459302780281749497,5.45
0x6E162fC3c2A9DfdDecbC31614c623B94D6F4c971,5412232383098153353,5.41
0xe66Ce6B9791D030A9D58574762d545828dc9576f,5306860356401907434,5.30
0xd16dA33C2436A5772D46821fC227DF8eb6CD0805,5271887397558231897,5.27
0xa1992346630fa9539bc31438A8981c646C6698F1,5271824678634081215,5.27
0x0e2e4Ff0DCd154a9ab2DAD034675841f937773F2,5235512171816587086,5.23
0x5c826084282a666c21D5732A6E9eAacD2b288e77,5190232426748351655,5.19
0xC9d25B9A3496c776688833D6cCfE507Ef4f41645,5167479258925893635,5.16
0x08a7aD00DAc20aAAeB0612Ef3b96b737fE742d4F,5148046505894597994,5.14
0x853212C3d02a2689A5Ae529dD6684166DC4F0829,5100869934861563324,5.10
0x2Debdf4427CcBcfDbC7f29D63964499a0ec184F6,5091914665476290771,5.09
0xA2baED21f40f0f2288AfD639D53798056CAa3226,5063423204784810972,5.06
0x4d0bE7360F4523b893D826241df3e7072f36a5e1,5029570103885250862,5.02
0x303119B09EF64f312d8e77D54E11D2C1bA32Aa64,5021011901655902621,5.02
0x20074277f892404Ee413753e01bac21A4f8D98c4,5021011901655902621,5.02
0x1dce25415D54E6bc694aaFa6cd5e650d28Bb786A,5018001395705074670,5.01
0x4e1fCE5913448CBA1A55cD533e6eeAb16EEd716D,5015994391737856035,5.01
0x3CCD231Ab6F2E66F3d1eEbfA9C48864Fe0f0C560,4950766762803250424,4.95
0x204667868FCD23D52095F763E21435Af98660159,4935714233049110667,4.93
0x8204F5956bAe24291a8b6570EEd1B7685Aa41c12,4934027311593844971,4.93
0x2e3cC777000E32f32Cd16eE6eDEa3327bA53b725,4877739778566780215,4.87
0x7925407Bf27e5fB5C2CE4a72924bf0AaA2550c6f,4860451584278411884,4.86
0xB8B8572bb66f0C9C8A02D71cee68d043A307E000,4835751029449686673,4.83
0xD0c614F1Ae0F7a1680C47dB36fC98FD34FE6dA5f,4815293995015992615,4.81
0x114F717ff555fE0d432556AF3D7D1a9Db2776E8E,4795395404309982214,4.79
0x8bAeaf18AEe449abd0A85c9E5bA3C1CfdEbbb8A9,4791490927964779613,4.79
0x4E5b3D4C8FD4d35C493b7D64AF0f04D1D2ed2122,4789328381190101535,4.78
0x6FA70b510CC91318e220a915F569Adb6fAbbFF2F,4757435026606697409,4.75
0xc6eebc4809CBc94cf323259fba27Aa8E2fa991D1,4725346278331929997,4.72
0xb6F38cA595C02Bd9B5D305150a4467f7407cD59a,4637444843713888758,4.63
0x378e65B90Bc08e4405996f876596A33350457Dd5,4598626427185825438,4.59
0x9D32F1e7C5fF707e92b4B30937A1e5E2C2De2462,4535988923196206512,4.53
0x569CDa6D421EB959914DBb6b97a9DA9181b0ecA3,4501689756649399107,4.50
0x433D79D73308f3c38797CEdDcD053473df386E37,4476037149693149634,4.47
0xC5932d4fb0B3A99476dd3D99f383508810Cc4da1,4459775411801333338,4.45
0x0628345dD7C1efA1B2B21240d932b16a1e3630B2,4459050790834685043,4.45
0x2Bc9E22ba0024f777294f8C090555D5B24609572,4438539210289710601,4.43
0xfCcf6d96B7939E5b5DF9F02Bb891AC7923AB2828,4405458179465447307,4.40
0xb2e3E82a9717E88819494Bbe0a2b518157a0AB29,4390188193121501897,4.39
0xe483Ec864230cfF8Cc138478ad0091304637C11F,4283437943703054550,4.28
0x296b97d01b61e143A7e5F6050451e4b4FD0Cd9c4,4268634921684326830,4.26
0x3516D34F54523db11292e2Fa91EBd032fde25e56,4248460882064351802,4.24
0x7787DC760549fCC451922B8f1b3c3E664F811F7a,4244861114707771146,4.24
0xa341Db63e93F02D057b8A871FaF9545a395F95C1,4225423537201731890,4.22
0xc7ea21222716b63e39953C45B55e742a25155515,4221621620947525585,4.22
0xb456C9E1B6F9BCe3FDE74a5Af40f4bAb8f525F7e,4209363300062528994,4.20
0x5b390cEc3b6C8F4b752fDd3D242fde5e5a759297,4202889396742857889,4.20
0xd3b499A0877fe0e8FD265916Fc57d727c92521fB,4201827643177052162,4.20
0x9A2bf2Fce4d44FdF287cF7C0df15aa814ACb4604,4182185597058858063,4.18
0x57393CeB2B889B09EC166b12135bebFaa0726834,4154663551656388933,4.15
0xbC9E9aBE63ddc54F86A119aF4840885BD972Cd4d,4139209411123120408,4.13
0x276c3B1fF77c05f373cEF5B5207943696E73e421,4127895136243610399,4.12
0xF042C8873566EfC66273943A799AD7e781461Ed5,4127895136243610399,4.12
0xd0905859E46A4676D62455B189394b8DffCf0253,4067685017227051373,4.06
0xD0A484E2AF97BA38cb8B88506eAe6998AB45Ce11,4065122755542262031,4.06
0xbFf392cd252A3c337eF29ceBd89ee5B3B6f9F594,4040316111293742772,4.04
0xF1473DD3CC58f5496c367e427130670c846915b0,4026354209423131232,4.02
0x5d47E871F81F84D3154AEC772bCce14973112C69,4018901275152463009,4.01
0x34de13A8Cc12C525a51A0dcFeAd9FeC453A106a7,4017509918046585517,4.01
0x719319c1ce2460b9C35E3991dAFCE7Cc2DDd5079,4017509918046585517,4.01
0x8849bdf80394fC7AC4e937543A1470821642D40A,4017509918046585517,4.01
0x175Fdd91A22d840B795e69feF9f6c4A2F7512153,4017509918046585517,4.01
0x1774bf5e7248C0CF8Ae9AA1EA353409bA596ACBe,4017509918046585517,4.01
0x757540B143e6C9066B77383C3bA464C5a05c9d4E,4017509918046585517,4.01
0x373373334b728f0C4A2489d06984f4605f5f5222,4017509918046585517,4.01
0x757841d66a9FDd663fc6CaeA5a0BFd9878f5B191,4017509918046585517,4.01
0x67B1571b634FC330B91f1bA7d0017c4E5054A395,4017509918046585517,4.01
0x4dFb85707a96DA7759B07C43EA3343c4732aa279,4017509918046585517,4.01
0x8D47fea7D643867cc710293c25D258fcf9962664,4017509918046585517,4.01
0x20115075ca52A222759E94e75a43d1174fA684B8,4017509918046585517,4.01
0x6Fa8dF6D8F849E0B9BBd7432dB4f3480d1CBE750,4017509918046585517,4.01
0x87ce852cE248aFd15F3A35d9E13aEc4A4AacAca2,4017509918046585517,4.01
0x00f7a791936F1d182fB1F892086043FE3A87C6f9,4015302213682645020,4.01
0x34a7910B6B15Fb4c8A82010d4Ab09BaFeEEA9d66,4004730320285320864,4.00
0xf91344cDE84Bd8f6549A8C12a9d68aE63b2534cD,4000794585505605122,4.00
0xf556a0FB18130430C3699182259d15B47E043CD3,3963951967518281408,3.96
0x73F6F199139e21FdeB147Ce77004197C78346D3c,3945444561397999322,3.94
0xE381D6144502F78957fE2eA614A369c57d135715,3937872457951456287,3.93
0x33B79F62A2B9c5fBf13950D568BefC78Ef156ABd,3937229759357840149,3.93
0xAa3974a71A9CD8a3E7B84e550C85168Cd949F788,3912142209767607222,3.91
0x3c3E4E713E333Bbc44b36f89912b5d8dfeCB725f,3911976517018798287,3.91
0x5917E2f8d4AD6eb64Cf4e9A0ACc37aD2d04c5789,3900538934251052456,3.90
0x80B09d3730F9FD606138F0b4fDE7622e31082e66,3882037150259327708,3.88
0xD38A95FA5d2FeD52aDC1894D125e41feCec5E6B3,3874545590494858975,3.87
0xE69C36F16E27F4B8686624A014B80d9464aF3b7B,3848793477705248900,3.84
0x876CC318e329879f807f43e93BdaD916E3b52441,3846914580833001610,3.84
0xf9cadBE49EF0Dff659dcF4005F03FCdAfE04bfa6,3846650158060320555,3.84
0x16e5E077302B4b8649D416a9D8041ebeb34eA396,3821827031242768682,3.82
0x0181900B57Ed36954d1Cc7F77ec401D04E409A79,3793958436860560605,3.79
0x66E3CB192e31226C829cd9E6E9e7E75893b6e722,3766634422144256242,3.76
0x6fE0bd7C1F913f38CD4376f5d08C18c513a77a25,3741270344486953050,3.74
0x954544996180C57327267D07F85Ff0B299282928,3665518319095025809,3.66
0x67E422036552A2D7DDBDdB92c0357D46a9F5a377,3651284789725211601,3.65
0xaEE5a126c39A0250B9657C139F28C7C961a9f48F,3646520252216139031,3.64
0xcC62eE750290c625Fa45030568021AFfB5a90468,3626155238117582991,3.62
0x00d0B80FDa2b2031B2810B498E508b0A4fbcD7Ca,3515758926241926966,3.51
0xE3cD34f8baacD2761a6527E439a151abAA133805,3487026239296663843,3.48
0xbF7b782D820ffDDE302c5C30bf7c1914676E5005,3473994544949549932,3.47
0x05c42e6478F17E25f8e876f3C743a86AfD3880BC,3422611615582051805,3.42
0x07C1824a7ABbA78F85547a28ef4bE35094bCf3a0,3394114936626745354,3.39
0x06E13AD9c9E1b2D6bC85E9b7B80CF74522E5207E,3215344505692979512,3.21
0x66143d695baFf44a3C8549bBdb16098d55674F9D,3128704836114516958,3.12
0x3EF60aE2acE351dC6058B5B21Fb566089D118137,3115928796993236607,3.11
0xce73dA15464F5ea4a099773AaFd3e0AFD63714f4,3106917981737900307,3.10
0xc6B690aaC269703f95C785Eb4f52e7DAA465967c,3031996110148636346,3.03
0x205aEE6FfaEeE0d174F2c273CF277b92aa20Ffcc,3014007934437268414,3.01
0xCbde2aBf286ECC8598f06a0D8a4fDde88EDFA56c,3014007934437268414,3.01
0xBb7e4d5C7201062766c7077f87a271DbFfAEaD91,2921367301269611644,2.92
0x0B333b13Bc0d678BFEc8864b7666F366397df84a,2813033320713188812,2.81
0x2f2b395d6385d9E35Edf62e0B895234066BcC331,2804626514204708655,2.80
0x99f633c2a6973e18cAe5C82b67166b8dd1A66792,2803711196840114583,2.80
0x50b4a84c42925c8EB67b64733cf9593146b972e1,2621799648410014520,2.62
0x662103dDc568872e5adFCe3b5E5Ba0888860c59e,2619273277699397563,2.61
0x93974819968d78e9e115500E2af21bed23845dC9,2612712562475346138,2.61
0x7A09721f9855f77cf1440Fb63F28c8B9488A8cD6,2570758080360322806,2.57
0xCF5fBB609BB284a0c4831Bf666Acc038a42dafDC,2567699713913209314,2.56
0x32ffC2374fA900FDe59D7B7388Bb4a9A9Dbe6123,2517274452550656448,2.51
0x4f4cA836bcfa668bd275344Cf76191d575CeF26d,2496517112714117811,2.49
0x7A27C627e89222EEF244891A705be786F795A92D,2430651933179323720,2.43
0x74e2f04DEF059397d4a3382Fd4a85dF062D75bF4,2370692917804843498,2.37
0x0B5dD26f44D36141d97A3bF6841e7bA63C092AF9,2361659560842644875,2.36
0xcE30aaF6BEaFc455A1d231F25922fa2188ad0498,2354171940058512890,2.35
0x2B19CB7b80dBD3c9e2E54ef34fe74b7cc02ca951,2230423323101670064,2.23
0x50A8D22515ce5e7D8aF68136C9Dd257971b54750,2148862443855831066,2.14
0x85225ea8165627FE841C716c454D50390A1DfEf1,2133911342238090955,2.13
0x5593b2B8Dc63d0ed68aa8f885707b2Dc5787E391,2119619595143892391,2.11
0x57080EF7511D29FF64610B58aBd73A9e402C7095,2112221296535930403,2.11
0x572dfa4D355A27D63A9faEbCB055CA6826430D5A,2085160193501129136,2.08
0x7d0DbB57FcE63B7bE96c74131472964025b8d9C6,2077001255104532674,2.07
0x6295D6F857f0b448FE29BF865279d460a5f35fEB,2058166926313781563,2.05
0x5be10f3434bC1aC6C0A34f86Da39Ea0095392f21,2033432030671926474,2.03
0xc19c194FE046079c14Fa84E13747BC1b043c5120,2030560959250387430,2.03
0xcC7098dAb8FD326eCAa361432e1e1e4641f6a67d,2029990015988249457,2.02
0x1Ea876Df65924ffdB1345b3D2C5ee47138C0086A,2014489331488321716,2.01
0xe75047F39962c8EFEf63E9D161F41320E1FB320A,2010505950827951310,2.01
0xC991E1247fbC69DF72bE4e3D5A4295a9cc3549da,1955508003040853510,1.95
0xE63593aB3a73537a2AE6A289A7Bc16bb20E4873e,1932508131956757430,1.93
0x07494EFB9fc623b74B31714192826c70EbA7423f,1919752810671024710,1.91
0xB71CD2a879c8D887eA8d75155ff51116178641C0,1886626132532599605,1.88
0x2CAB3A5c1d3cFEA0ABaA075D0EeB5FCFF0885246,1867377933538629899,1.86
0x92f605742B9dABd9CA5df0E1089B06A2CA535015,1784226078661446525,1.78
0x220f65310909ee3eFD2f6DefC1815CC6499451De,1775960247151418779,1.77
0xf1A1602C90D8E510bC583EABb53667e3AFae4b52,1773943953940334005,1.77
0x9b2a3c97C7939aC4e8583F368EE783C43799B61a,1770855751151389415,1.77
0x1941B8CdaB08D5B3Cd6b1A08f91A8201551Ba130,1744660376850789636,1.74
0xA5511B02bCAba189Dcbe478B842497fF8A96AC4D,1722897581550399826,1.72
0xc840111a022C7a8ebf42643b8417019e01Db2f93,1710332606055967910,1.71
0xe2DFe78AD6a1fca3B3C40ce2fcf4740989317f43,1683568015073986626,1.68
0xE93ca33eAbb19D07A0CdbDF4C25CdE6738c5ECc0,1648719664496278620,1.64
0x419fe55e43b0DaC5BD5E3B716C30b5b0AC9e1f73,1639413628851935756,1.63
0xCE8c021f02409F3d55531d2946EEee5f8B3d0C17,1615921675067080405,1.61
0x923F0708C600Dfb708d0DCE463C39D1E1b8C281A,1602440367600646201,1.60
0xDdeF74Bd1Ef4915546Ee9371928123475eB2a354,1595487255360188584,1.59
0x4BA9e3D69f573c1C79c7d66e8A0D096583b52454,1594821960547254974,1.59
0xa791F0D150C88786d0EDfe8fE16f0A09E5C7CA63,1589211593281001947,1.58
0xeD877717F745dCaDD3dB65443EbBD76b9d132c13,1559932887841038913,1.55
0x84548458DD82645c6f2faCfdAb773158445444D5,1559157766646618278,1.55
0xde291D95aC61BF07De15758c1382571DF9E9E464,1551052567632425474,1.55
0x2F0DB7CF034a6d8bD427B6181AC89fDe2ab715b4,1523766580012349990,1.52
0xE0e045B4622fA19a3d22Ab60712b5DD5af718E12,1509199219764771424,1.50
0x69f0FFca9C42D33a45ED909Ef9Df213207dea0eC,1508754959023292758,1.50
0xfCe1ef98b9C0f44250055ec487504249927D1bD9,1508754959023292758,1.50
0xC181B8Cef41E682367B159D9F79ca195F6F03Dca,1508754959023292758,1.50
0xCe5dA93211677f31F627706eA661624F3B414Ac1,1508754959023292758,1.50
0x337844866Ce1f51bE8EB9f3a4882b5cB891Edba5,1503773274920706019,1.50
0xC5877dBf04dD8298f730498aF4bBe6bE6d3170f6,1501573171699581762,1.50
0x5Eb4d4E69ACbBCcc68774BBDF85Ca4763857B334,1492163006649796336,1.49
0xF305d2f6db92e5a3A8E61960EDf0035C250449e2,1459668613295863470,1.45
0x2C0BAF4c7B44bC6824f29cdecF2783115E7736A5,1446791422467533541,1.44
0xDd20333308575673f65E0E014408Cbe9C0D5b10E,1441430208984060139,1.44
0x2bbFe5650e9876fb313D6b32352c6Dc5966A7B68,1426819681395857363,1.42
0xD141751bFD705feC98B8A49200b7C17882A76fbB,1383317211072128121,1.38
0x68BA6a34698ba0afeD3DF1B606401fC553A6Ca8C,1354030005680490201,1.35
0xcdc2AC769e3f28C0762f3e1878FB8d5365c9521d,1336130197654935671,1.33
0xD0e6D3D3d9A59f2790c4509682D47713E1f682B9,1330886573196789340,1.33
0x20AaaD6c45eA50F5C1a690fB8A32A2E244aBF371,1314068500664727555,1.31
0xeD45f03d56A0a2B6bFE7F42Fa0b8792130252F4B,1298399089876028002,1.29
0xA4D509Dc1101f059837720CD0775F087f1650c6A,1263895470282407581,1.26
0x06BF4a95b25f38C30011DBF16A6D758669F74609,1214773747124899789,1.21
0xb4fDB4349a5Df9516138f73a7ffc372FeE15D607,1152042672589653377,1.15
0x8eCeD50274AfE4CB5fc0a5dB86C9EdD457bE261A,1107354165579565917,1.10
0xff03a79c1F67dB02D19589f25f9A2340841c126a,1092841697329834523,1.09
0xaFD53AAd7d3Ab2B1BE5f254c141c1a1a9e9A0fA5,1081828479095623491,1.08
0x9a1F54DABfDD070C6BFA9b814D693f71C8c37D48,1080421948036251843,1.08
0x132DB8234171Cc9D8A65853cf03D5C0f46C8867e,1066749158815211798,1.06
0x7CD8C5E48e5d5c526959973F7bEAa5837Fe23acC,1033411363711116337,1.03
0x55dB43aE45f7A73c6D2842712D7856A356B7e242,1032276351829805251,1.03
0x496026D276e41a9976F474057d563bEe0D773e49,1007003967218634207,1.00
0x8c89758EB23623bbC0d7a681637f006894c60066,999375465843045757,0.99
0x8284D76C3306d2726e92A083818a25FC59Ed01Db,994492538235917177,0.99
0x02e51d6Ce16201A28Eaa7DE9C8C4BFeD25B4b081,985398569511525609,0.98
0xd5673116eb5758Af56B21e717F292DbB6a8b6B4C,977439346362907748,0.97
0x2eF32Af55bD079068f21627a84C23Ff32547B763,972686580789752865,0.97
0x65e53788DC2E987c4B3516997B03F457C722043A,971601950081974533,0.97
0x68575571E75D2CfA4222e0F8E7053F056EB91d6C,929518699568676491,0.92
0x9795A4884393D1217429A26514B9bEAcdfe46Cd6,907254120237783439,0.90
0x2ac14572bacfd491408306DB6C6cF544cbE94687,874541705382204349,0.87
0xa4dC1fBe6002dc9E73CC2F58a9699bac1FDda341,872647030047088373,0.87
0x115174d36631B61D011c6D5bb4a84A0aBF92ba4c,851378000865267146,0.85
0x63e62588330657c99BA79139e7C21aF0c0DB1E7e,850407482676400273,0.85
0x81E0a97a9835767ceB3F6077C153A39b59869D4a,823752503888552067,0.82
0x389229487Af16c1be1d77B524f03B1A152Ba4473,818974102459280517,0.81
0xd36755980832BfB94fF631541aa4D77f99499129,740391898112975386,0.74
0xAD378bA144E36A2D2E49d28f323140b7cD4BD8F1,697772811337836542,0.69
0x7DB3CA5AD4C8f648D21Fa7d682D3C6CA9d4F5dd7,663879599048954486,0.66
0x8037d5658E6CB0d6aD9F17e3B32fC64bc5807d51,650085491946808272,0.65
0xF93C5F9312300c579E2bA021A35FaB97B303b085,633929375610582552,0.63
0x34916349d43f65bCCCA11Ff53a8E0382a1A594A7,625678483439370510,0.62
0x6DE6E901Bbefd26a9888798a25E4A49309D04CA9,620067665143400141,0.62
0x444158FF21E3b673092F7e537f7aAc6be8666666,601703437578320648,0.60
0x657B3bd927cE9758b8b0d8312F8656c994fC8840,597291295474056989,0.59
0xCC82236c47F2e8eF4A52F2C4bABF36e36Efd7BA9,580515624184674438,0.58
0x02Ee0C8410B6C17E54457fe76661dA40A7C0461a,555764308928261972,0.55
0x00a0708644A2Ff370748fd9f1757134543a27e02,538012467358093789,0.53
0xe0Dd8eD68c6a921b91a74d01e4aFE8ef90AF007C,533901418174941485,0.53
0xd43f3716CbB9386352880a9BD52f7F07aC01752B,526735712884440862,0.52
0x8A5E249Ba28C6f6492778c8850CE25EDD4A2862D,523031510981025641,0.52
0x4e8D9340D3210CcB805ea973Ce3756A9Af617378,511347062330077988,0.51
0x2220d223D4f8A5dC41c68b68Db46CFBCE225DB25,505252975413975655,0.50
0xD21fF40D220f641F59270A9AdC4F3DB7E78E1Ff7,505252975413975655,0.50
0x380e0905464b15472A1D63dF3c90921fccA9FaD6,505252975413975655,0.50
0x856a4CB93c07b55Fe8aA9cCad884fb7e05b6a518,482331561522914986,0.48
0x0EEEfF44E8F65Db5Cc841E3A3d591499B74f85e6,475348549368835698,0.47
0xbeb040e1b560e56D087381235aEdFc251ce64033,452928915069386221,0.45
0xFc5C1374dD01d42Dccd4720Fb9E04761caa60b9B,450137740504113281,0.45
0x78955A74b6d04D87B72cE21b3849A82189D6384C,449114489550406231,0.44
0x6E3Ba50F3cad8E8177C6BB9815e9a23E397D5A5B,436541854160979279,0.43
0xd0C34E1772aEDEDE1315980Ad63dF8a3BEbe391e,401586388342063326,0.40
0xdb6C18087cB71164f9B47981d684E68C697b319e,391386004426565325,0.39
0x8bA1346146F252179f612Dfd15511f3AB961ac35,380679202585731252,0.38
0x67FDA3D59A3674F36C369536b5d62406007afbbB,367216967678019783,0.36
0xc25fef376784E9BcaD3E1472575c1E10079c56d1,365975195695356618,0.36
0x8116D70C57F410284969F45156aCfc6C024a8f59,357605485964705644,0.35
0x650151C8de2E51243fE2C55b052EBa51303A2E4a,354971940056311613,0.35
0x0f0301Aac0E71941E22e585939beEF9376ef49d7,351936942075080344,0.35
0x2341e644582d7052b09e54Ebe3cd9B46F9124dd3,326512087161686969,0.32
0x3591196a9F98d25231d19898638d322Ff4c5FDA7,321835359468742982,0.32
0x36DE7aE0C7a596bA2da2dd15A00cC1E385deB49d,285987791995339868,0.28
0x4e409429417F9c7Cd79b9cee4A0F73A6285cd508,283926681509219581,0.28
0xEd2017fc8fB843CBf6d5d2bF18b304EaBB8cBd69,277057627843200555,0.27
0xd3B77FAB8F34780F9f8df9fef2ddcfdd29983F13,270683869418355322,0.27
0x3fA26DB68832E4f0B08da4cf3fb15aCfb5dd6409,267516649299716409,0.26
0x394F5fD5E3AD0553e751fABF2c76352986FC8ae8,263675442330148787,0.26
0xd08354642e13E09355f038d6B8bc577093e1008D,263323699695523441,0.26
0x97358aad9744FF4D91B95F54600111FD6A6868BF,240574186994720428,0.24
0x593973D9F348474f2ED9E56b64f1df2c273022ED,216817311641664962,0.21
0xaAcC075aa8EC90c4CBC5866Fd922188097D3e994,204108576472100485,0.20
0xE0ae37D1a3Cf1596dd3e5eE5774a795e90c3375e,196165647078106102,0.19
0xAD51aE2c62a9b471C3F3E0C7fcA219aF86980861,169736009814555414,0.16
0x2BC7a25cD4C1ba457fbDed4322D108dc056D1d0a,138172613211004587,0.13
0x673138C28b93c31B840be042cB3926f55E1654Ee,124002501801123901,0.12
0xd15DE04Ce8b9aAF28f8932eC7B4B08569D12Cb54,116946806342305617,0.11
0x2A1049062c6Cfd69bd38fbaf3b0559DF1DBbc92c,109212708268133880,0.10
0x6d4c20805b0a286B4E4C2b2f15E71554F85f9cb6,104369224859220337,0.10
0xf885F270359C826F87bf0564F9133359a50101F3,76968452999460317,0.07
0x02A8F422E4623cF409B2a1a64a603B16357EA9da,64921021600842851,0.06
0x0524C91701FCC461C90b3120769B5F295F706a16,52197198044300508,0.05
0xE787DEEc0BE77Db98A1294193E2c1600C8a8687d,36282611341565150,0.03
0xFcEEBfc42775d38427C4078A9d1A8160B6FF9a2e,31132752631398799,0.03
0xc6E1DffF01ECfC22A0a79d366f80f0338645F50C,30782051924754980,0.03
0x65f907f5aAb0B1581FcB3355A0e2340c12198cc3,9125591615754795,0.00
0x82CE68A26aF4433476609C8f5Cf37718811e0763,3501983609317103,0.00
0xb1F6f9B472254Ab81d6Efd5CEDaaC381535bB483,2884812136087588,0.00
